{
	"class_name" : "PinholeCameraParameters",
	"extrinsic" : 
	[
		0.90709076737082106,
		-0.4189488735469204,
		0.040843372833075972,
		0.0,
		-0.40503193514119284,
		-0.84228309772315557,
		0.35568007366967547,
		0.0,
		-0.11461008361569121,
		-0.33917698129981011,
		-0.93371489443510147,
		0.0,
		-0.12955962166179763,
		-0.0078133796977770398,
		0.72989577012781948,
		1.0
	],
	"intrinsic" : 
	{
		"height" : 1061,
		"intrinsic_matrix" : 
		[
			918.85295341528945,
			0.0,
			0.0,
			0.0,
			918.85295341528945,
			0.0,
			959.5,
			530.0,
			1.0
		],
		"width" : 1920
	},
	"version_major" : 1,
	"version_minor" : 0
}