{
	"class_name" : "PinholeCameraParameters",
	"extrinsic" : 
	[
		0.58173044387498007,
		-0.29816913785357968,
		0.75675944387940863,
		0.0,
		-0.80880223020323738,
		-0.31063786720822517,
		0.49934263574683341,
		0.0,
		0.086189576442214672,
		-0.90255153907573504,
		-0.42186736804916969,
		0.0,
		-0.092557849593575423,
		0.03654583542136236,
		0.9212059006730926,
		1.0
	],
	"intrinsic" : 
	{
		"height" : 400,
		"intrinsic_matrix" : 
		[
			346.41016151377551,
			0.0,
			0.0,
			0.0,
			346.41016151377551,
			0.0,
			199.5,
			199.5,
			1.0
		],
		"width" : 400
	},
	"version_major" : 1,
	"version_minor" : 0
}