{
	"class_name" : "PinholeCameraParameters",
	"extrinsic" : 
	[
		0.42862161189645809,
		-0.37223094497587667,
		0.82324214992774025,
		0.0,
		-0.9022948759039745,
		-0.22309338505451864,
		0.36890825209304784,
		0.0,
		0.046340810660945003,
		-0.90092922316199864,
		-0.43148472061013271,
		0.0,
		-0.0691021104085945,
		0.048428139695577743,
		0.91033013677311891,
		1.0
	],
	"intrinsic" : 
	{
		"height" : 400,
		"intrinsic_matrix" : 
		[
			346.41016151377551,
			0.0,
			0.0,
			0.0,
			346.41016151377551,
			0.0,
			199.5,
			199.5,
			1.0
		],
		"width" : 400
	},
	"version_major" : 1,
	"version_minor" : 0
}