{
	"class_name" : "PinholeCameraParameters",
	"extrinsic" : 
	[
		0.64522895484326304,
		-0.59036440716845451,
		0.48492212011879793,
		0.0,
		-0.7603736243403002,
		-0.55791259722760256,
		0.33251388732254045,
		0.0,
		0.074239795524144142,
		-0.58326957798550594,
		-0.80887888596324675,
		0.0,
		-0.10256766539944746,
		0.085378469429567061,
		1.2363566252206946,
		1.0
	],
	"intrinsic" : 
	{
		"height" : 1061,
		"intrinsic_matrix" : 
		[
			918.85295341528945,
			0.0,
			0.0,
			0.0,
			918.85295341528945,
			0.0,
			959.5,
			530.0,
			1.0
		],
		"width" : 1920
	},
	"version_major" : 1,
	"version_minor" : 0
}